{"initial_reset_timestamp": 33895.513352575, "timestamps": [33902.368218895, 33908.447896438, 33915.670270129, 33924.289964613, 33930.238559519, 33936.715031827], "episode_lengths": [2070, 1883, 2164, 2473, 1825, 1965], "episode_rewards": [14.0, 19.0, 17.0, 13.0, 19.0, 18.0], "episode_types": ["t", "t", "t", "t", "t", "t", "t"]}