{"initial_reset_timestamp": 75171.671180786, "timestamps": [75179.322741295, 75186.853775612, 75194.410935438, 75202.090893464, 75209.762621569], "episode_lengths": [2049, 2049, 2048, 2049, 2049], "episode_rewards": [1.0, 1.0, 0.0, 0.0, 0.0], "episode_types": ["t", "t", "t", "t", "t"]}