{"initial_reset_timestamp": 626.938362524, "timestamps": [634.668111763, 642.372016224, 650.147179839, 657.822565498, 665.571604676], "episode_lengths": [2049, 2049, 2048, 2049, 2049], "episode_rewards": [24.0, 22.0, 23.0, 22.0, 24.0], "episode_types": ["t", "t", "t", "t", "t"]}