{"initial_reset_timestamp": 13309.114285027, "timestamps": [13318.083983529, 13326.994539993], "episode_lengths": [2049, 2049], "episode_rewards": [33.0, 31.0], "episode_types": ["t", "t", "t"]}